resume_text,job_role
software development Python Git Django Java C++,Software Engineer
data science machine learning deep learning TensorFlow Pandas,Data Scientist
Docker Kubernetes AWS DevOps Terraform CI/CD,DevOps Engineer
Scrum Agile roadmap JIRA leadership,Product Manager
Python C++ Java software development Django Git,Software Engineer
Pandas deep learning TensorFlow data science machine learning,Data Scientist
DevOps Kubernetes CI/CD AWS Terraform Docker,DevOps Engineer
JIRA Scrum roadmap Agile leadership,Product Manager
Java Django Git Python software development C++,Software Engineer
data science deep learning TensorFlow Pandas machine learning,Data Scientist
AWS DevOps CI/CD Kubernetes Terraform Docker,DevOps Engineer
Agile JIRA roadmap Scrum leadership,Product Manager
Git C++ software development Python Java Django,Software Engineer
Pandas data science TensorFlow deep learning machine learning,Data Scientist
DevOps CI/CD Docker Kubernetes Terraform AWS,DevOps Engineer
Scrum roadmap leadership JIRA Agile,Product Manager
Django Git Python Java software development C++,Software Engineer
Pandas TensorFlow deep learning machine learning data science,Data Scientist
DevOps Docker CI/CD Terraform AWS Kubernetes,DevOps Engineer
leadership Agile JIRA Scrum roadmap,Product Manager
C++ Python Java Django Git software development,Software Engineer
deep learning Pandas machine learning TensorFlow data science,Data Scientist
DevOps CI/CD AWS Kubernetes Terraform Docker,DevOps Engineer
leadership JIRA Agile roadmap Scrum,Product Manager
Java Python C++ Git Django software development,Software Engineer
Pandas machine learning TensorFlow deep learning data science,Data Scientist
Terraform CI/CD Kubernetes AWS DevOps Docker,DevOps Engineer
Scrum Agile roadmap leadership JIRA,Product Manager
Django Git Python Java software development C++,Software Engineer
machine learning TensorFlow Pandas deep learning data science,Data Scientist
DevOps Terraform AWS CI/CD Docker Kubernetes,DevOps Engineer
Scrum roadmap leadership JIRA Agile,Product Manager
software development Java Python Django Git C++,Software Engineer
TensorFlow Pandas machine learning data science deep learning,Data Scientist
Terraform AWS Kubernetes DevOps Docker CI/CD,DevOps Engineer
Agile JIRA leadership roadmap Scrum,Product Manager
Python Git Django C++ software development Java,Software Engineer
Pandas machine learning deep learning data science TensorFlow,Data Scientist
Terraform Docker DevOps Kubernetes CI/CD AWS,DevOps Engineer
leadership roadmap Agile JIRA Scrum,Product Manager
Python Java software development Django C++ Git,Software Engineer
Pandas TensorFlow machine learning deep learning data science,Data Scientist
Kubernetes Terraform CI/CD DevOps AWS Docker,DevOps Engineer
roadmap Scrum leadership JIRA Agile,Product Manager
Git software development Python Django Java C++,Software Engineer
deep learning machine learning TensorFlow data science Pandas,Data Scientist
CI/CD AWS DevOps Terraform Docker Kubernetes,DevOps Engineer
JIRA Agile leadership roadmap Scrum,Product Manager
Django Java Git software development C++ Python,Software Engineer
deep learning data science machine learning Pandas TensorFlow,Data Scientist
AWS Terraform Docker CI/CD Kubernetes DevOps,DevOps Engineer
Agile leadership roadmap Scrum JIRA,Product Manager
Git C++ Python Java Django software development,Software Engineer
deep learning machine learning TensorFlow data science Pandas,Data Scientist
CI/CD Kubernetes Docker AWS DevOps Terraform,DevOps Engineer
leadership Scrum Agile roadmap JIRA,Product Manager
Python Git software development Java Django C++,Software Engineer
TensorFlow Pandas data science deep learning machine learning,Data Scientist
DevOps CI/CD Terraform AWS Kubernetes Docker,DevOps Engineer
leadership roadmap Agile Scrum JIRA,Product Manager
software development Java Python C++ Git Django,Software Engineer
Pandas deep learning TensorFlow data science machine learning,Data Scientist
DevOps AWS Kubernetes Docker Terraform CI/CD,DevOps Engineer
roadmap Scrum Agile leadership JIRA,Product Manager
Git C++ Java Django software development Python,Software Engineer
machine learning Pandas data science TensorFlow deep learning,Data Scientist
Docker AWS Terraform Kubernetes DevOps CI/CD,DevOps Engineer
Scrum leadership JIRA Agile roadmap,Product Manager
Django Java software development Python Git C++,Software Engineer
deep learning data science Pandas TensorFlow machine learning,Data Scientist
CI/CD Kubernetes AWS Docker Terraform DevOps,DevOps Engineer
leadership JIRA roadmap Scrum Agile,Product Manager
C++ Git Java Django Python software development,Software Engineer
TensorFlow Pandas data science deep learning machine learning,Data Scientist
Kubernetes Terraform DevOps CI/CD Docker AWS,DevOps Engineer
leadership Scrum roadmap JIRA Agile,Product Manager
Python Git C++ Java software development Django,Software Engineer
data science Pandas TensorFlow machine learning deep learning,Data Scientist
AWS DevOps Kubernetes Docker Terraform CI/CD,DevOps Engineer
JIRA roadmap leadership Agile Scrum,Product Manager
Django software development C++ Java Git Python,Software Engineer
deep learning machine learning data science TensorFlow Pandas,Data Scientist
Docker CI/CD DevOps AWS Terraform Kubernetes,DevOps Engineer
JIRA roadmap Scrum Agile leadership,Product Manager
Python software development Java Git C++ Django,Software Engineer
machine learning Pandas TensorFlow deep learning data science,Data Scientist
AWS Kubernetes CI/CD DevOps Docker Terraform,DevOps Engineer
Scrum leadership JIRA roadmap Agile,Product Manager
Git Django Python software development C++ Java,Software Engineer
TensorFlow Pandas deep learning machine learning data science,Data Scientist
CI/CD Terraform Docker AWS Kubernetes DevOps,DevOps Engineer
roadmap Scrum leadership JIRA Agile,Product Manager
software development Git Java Python C++ Django,Software Engineer
Pandas deep learning TensorFlow machine learning data science,Data Scientist
Terraform Docker Kubernetes DevOps AWS CI/CD,DevOps Engineer
Agile JIRA leadership roadmap Scrum,Product Manager
software development Java Django Python C++ Git,Software Engineer
Pandas machine learning deep learning data science TensorFlow,Data Scientist
Kubernetes DevOps Docker AWS Terraform CI/CD,DevOps Engineer
roadmap Scrum Agile JIRA leadership,Product Manager
Java Python software development Django Git C++,Software Engineer
data science deep learning TensorFlow machine learning Pandas,Data Scientist
DevOps Kubernetes CI/CD Docker Terraform AWS,DevOps Engineer
leadership JIRA Scrum roadmap Agile,Product Manager
Python software development C++ Django Git Java,Software Engineer
data science machine learning deep learning Pandas TensorFlow,Data Scientist
Kubernetes Terraform AWS CI/CD Docker DevOps,DevOps Engineer
JIRA Scrum roadmap leadership Agile,Product Manager
software development Git C++ Python Django Java,Software Engineer
machine learning Pandas TensorFlow deep learning data science,Data Scientist
Kubernetes Terraform DevOps AWS CI/CD Docker,DevOps Engineer
JIRA leadership roadmap Scrum Agile,Product Manager
C++ Python software development Django Git Java,Software Engineer
machine learning TensorFlow deep learning data science Pandas,Data Scientist
CI/CD DevOps Docker Kubernetes AWS Terraform,DevOps Engineer
JIRA roadmap Agile leadership Scrum,Product Manager
software development Django Git C++ Python Java,Software Engineer
data science TensorFlow deep learning machine learning Pandas,Data Scientist
Kubernetes Docker DevOps CI/CD Terraform AWS,DevOps Engineer
Agile JIRA leadership roadmap Scrum,Product Manager
software development Java Git Django C++ Python,Software Engineer
machine learning data science Pandas deep learning TensorFlow,Data Scientist
Docker Kubernetes AWS CI/CD DevOps Terraform,DevOps Engineer
Agile JIRA roadmap Scrum leadership,Product Manager
C++ Java Django software development Python Git,Software Engineer
Pandas data science TensorFlow machine learning deep learning,Data Scientist
AWS Terraform Kubernetes Docker DevOps CI/CD,DevOps Engineer
Agile Scrum JIRA leadership roadmap,Product Manager
software development Java Python Git C++ Django,Software Engineer
machine learning TensorFlow data science Pandas deep learning,Data Scientist
CI/CD Docker Kubernetes AWS DevOps Terraform,DevOps Engineer
leadership Agile roadmap JIRA Scrum,Product Manager
Python C++ Django Java software development Git,Software Engineer
TensorFlow machine learning data science deep learning Pandas,Data Scientist
AWS Kubernetes Terraform CI/CD Docker DevOps,DevOps Engineer
roadmap Agile Scrum JIRA leadership,Product Manager
software development Python Git Django C++ Java,Software Engineer
deep learning TensorFlow Pandas machine learning data science,Data Scientist
Kubernetes Docker AWS Terraform DevOps CI/CD,DevOps Engineer
leadership Scrum JIRA roadmap Agile,Product Manager
C++ software development Python Java Django Git,Software Engineer
Pandas deep learning data science machine learning TensorFlow,Data Scientist
CI/CD AWS Docker Terraform Kubernetes DevOps,DevOps Engineer
roadmap Agile JIRA Scrum leadership,Product Manager
Django software development Git C++ Java Python,Software Engineer
Pandas machine learning TensorFlow data science deep learning,Data Scientist
CI/CD Docker Kubernetes DevOps AWS Terraform,DevOps Engineer
JIRA Scrum leadership roadmap Agile,Product Manager
Django Git software development Java Python C++,Software Engineer
deep learning machine learning TensorFlow data science Pandas,Data Scientist
Docker DevOps CI/CD AWS Terraform Kubernetes,DevOps Engineer
JIRA Agile leadership roadmap Scrum,Product Manager
Git C++ Java software development Django Python,Software Engineer
TensorFlow Pandas machine learning data science deep learning,Data Scientist
Docker AWS Kubernetes CI/CD DevOps Terraform,DevOps Engineer
roadmap Scrum Agile leadership JIRA,Product Manager
Python Git Django C++ software development Java,Software Engineer
TensorFlow data science machine learning deep learning Pandas,Data Scientist
DevOps Terraform AWS Kubernetes CI/CD Docker,DevOps Engineer
Scrum Agile roadmap leadership JIRA,Product Manager
software development Python C++ Django Git Java,Software Engineer
machine learning TensorFlow Pandas deep learning data science,Data Scientist
CI/CD Docker AWS DevOps Kubernetes Terraform,DevOps Engineer
JIRA Scrum leadership roadmap Agile,Product Manager
Django C++ Python Java software development Git,Software Engineer
data science machine learning TensorFlow deep learning Pandas,Data Scientist
AWS DevOps CI/CD Kubernetes Docker Terraform,DevOps Engineer
JIRA Scrum leadership roadmap Agile,Product Manager
Git software development Django C++ Java Python,Software Engineer
TensorFlow deep learning machine learning Pandas data science,Data Scientist
Docker Kubernetes DevOps Terraform CI/CD AWS,DevOps Engineer
JIRA leadership Agile Scrum roadmap,Product Manager
Django Java Python software development C++ Git,Software Engineer
TensorFlow data science deep learning machine learning Pandas,Data Scientist
CI/CD Terraform Docker DevOps Kubernetes AWS,DevOps Engineer
JIRA Scrum Agile leadership roadmap,Product Manager
Java Git Django C++ software development Python,Software Engineer
data science TensorFlow deep learning machine learning Pandas,Data Scientist
CI/CD Docker AWS Kubernetes Terraform DevOps,DevOps Engineer
JIRA roadmap Scrum Agile leadership,Product Manager
C++ Java software development Git Django Python,Software Engineer
Pandas TensorFlow data science deep learning machine learning,Data Scientist
Terraform Kubernetes DevOps AWS Docker CI/CD,DevOps Engineer
JIRA Scrum roadmap Agile leadership,Product Manager
Python Git Java C++ software development Django,Software Engineer
TensorFlow machine learning deep learning data science Pandas,Data Scientist
DevOps Docker AWS Terraform CI/CD Kubernetes,DevOps Engineer
leadership roadmap JIRA Scrum Agile,Product Manager
Django Java Python Git software development C++,Software Engineer
deep learning TensorFlow data science machine learning Pandas,Data Scientist
Terraform Docker DevOps CI/CD Kubernetes AWS,DevOps Engineer
leadership roadmap JIRA Agile Scrum,Product Manager
C++ Django software development Java Git Python,Software Engineer
machine learning deep learning TensorFlow data science Pandas,Data Scientist
DevOps AWS CI/CD Terraform Docker Kubernetes,DevOps Engineer
Scrum roadmap JIRA leadership Agile,Product Manager
Git software development Django Python Java C++,Software Engineer
deep learning data science TensorFlow machine learning Pandas,Data Scientist
AWS Docker Terraform DevOps Kubernetes CI/CD,DevOps Engineer
Scrum roadmap Agile leadership JIRA,Product Manager
software development Java Git Django Python C++,Software Engineer
deep learning machine learning Pandas TensorFlow data science,Data Scientist
CI/CD AWS DevOps Kubernetes Docker Terraform,DevOps Engineer
Scrum Agile JIRA leadership roadmap,Product Manager
software development Django Git Python Java C++,Software Engineer
machine learning data science deep learning Pandas TensorFlow,Data Scientist
DevOps AWS CI/CD Terraform Docker Kubernetes,DevOps Engineer
JIRA roadmap Scrum Agile leadership,Product Manager
software development Django Python C++ Git Java,Software Engineer
deep learning Pandas TensorFlow data science machine learning,Data Scientist
CI/CD Kubernetes Docker Terraform AWS DevOps,DevOps Engineer
roadmap leadership Agile JIRA Scrum,Product Manager
software development C++ Django Python Java Git,Software Engineer
machine learning TensorFlow Pandas deep learning data science,Data Scientist
Docker Kubernetes DevOps CI/CD Terraform AWS,DevOps Engineer
roadmap leadership Agile JIRA Scrum,Product Manager
software development Python Django Git C++ Java,Software Engineer
machine learning Pandas data science deep learning TensorFlow,Data Scientist
Terraform Docker Kubernetes AWS CI/CD DevOps,DevOps Engineer
roadmap Agile leadership Scrum JIRA,Product Manager
software development Git Java Django C++ Python,Software Engineer
data science deep learning TensorFlow Pandas machine learning,Data Scientist
DevOps Terraform CI/CD AWS Docker Kubernetes,DevOps Engineer
JIRA Agile leadership roadmap Scrum,Product Manager
Django Git Java C++ Python software development,Software Engineer
deep learning TensorFlow Pandas data science machine learning,Data Scientist
Kubernetes AWS Docker Terraform DevOps CI/CD,DevOps Engineer
Agile roadmap Scrum JIRA leadership,Product Manager
Java Django software development Python Git C++,Software Engineer
TensorFlow Pandas data science deep learning machine learning,Data Scientist
CI/CD Terraform Kubernetes AWS Docker DevOps,DevOps Engineer
Agile leadership Scrum roadmap JIRA,Product Manager
Git Java C++ Django Python software development,Software Engineer
Pandas machine learning deep learning data science TensorFlow,Data Scientist
Terraform Kubernetes CI/CD Docker DevOps AWS,DevOps Engineer
Scrum JIRA leadership roadmap Agile,Product Manager
C++ Git software development Python Django Java,Software Engineer
data science Pandas TensorFlow deep learning machine learning,Data Scientist
AWS DevOps Docker CI/CD Terraform Kubernetes,DevOps Engineer
leadership Scrum Agile JIRA roadmap,Product Manager
Django Git C++ software development Java Python,Software Engineer
data science TensorFlow Pandas machine learning deep learning,Data Scientist
CI/CD Docker Kubernetes DevOps AWS Terraform,DevOps Engineer
Agile JIRA roadmap Scrum leadership,Product Manager
Git Django Python C++ Java software development,Software Engineer
deep learning data science machine learning Pandas TensorFlow,Data Scientist
Kubernetes CI/CD Terraform DevOps Docker AWS,DevOps Engineer
Scrum Agile JIRA leadership roadmap,Product Manager
Java Python Django Git C++ software development,Software Engineer
Pandas machine learning TensorFlow data science deep learning,Data Scientist
Docker CI/CD Terraform DevOps Kubernetes AWS,DevOps Engineer
leadership JIRA Scrum roadmap Agile,Product Manager
software development C++ Git Django Python Java,Software Engineer
machine learning Pandas deep learning TensorFlow data science,Data Scientist
AWS CI/CD DevOps Kubernetes Docker Terraform,DevOps Engineer
roadmap Scrum JIRA Agile leadership,Product Manager
C++ Git Django Java software development Python,Software Engineer
Pandas data science deep learning TensorFlow machine learning,Data Scientist
DevOps Kubernetes Docker AWS Terraform CI/CD,DevOps Engineer
Scrum roadmap JIRA Agile leadership,Product Manager
Python Java Git Django C++ software development,Software Engineer
data science Pandas deep learning TensorFlow machine learning,Data Scientist
Terraform Docker AWS CI/CD DevOps Kubernetes,DevOps Engineer
leadership JIRA Scrum roadmap Agile,Product Manager
software development Java Git Django C++ Python,Software Engineer
data science Pandas deep learning TensorFlow machine learning,Data Scientist
Kubernetes Terraform DevOps AWS Docker CI/CD,DevOps Engineer
leadership roadmap JIRA Agile Scrum,Product Manager
Git Python C++ software development Django Java,Software Engineer
TensorFlow data science machine learning Pandas deep learning,Data Scientist
Terraform AWS Docker CI/CD DevOps Kubernetes,DevOps Engineer
leadership Agile Scrum roadmap JIRA,Product Manager
Python Git software development Django Java C++,Software Engineer
machine learning deep learning TensorFlow data science Pandas,Data Scientist
Docker DevOps Terraform AWS Kubernetes CI/CD,DevOps Engineer
leadership roadmap JIRA Agile Scrum,Product Manager
Django C++ Git software development Java Python,Software Engineer
data science Pandas machine learning deep learning TensorFlow,Data Scientist
DevOps Docker Terraform AWS Kubernetes CI/CD,DevOps Engineer
Agile Scrum JIRA roadmap leadership,Product Manager
software development Git Python C++ Java Django,Software Engineer
deep learning data science machine learning Pandas TensorFlow,Data Scientist
CI/CD Terraform Kubernetes DevOps Docker AWS,DevOps Engineer
leadership roadmap JIRA Agile Scrum,Product Manager
Django software development Git Python Java C++,Software Engineer
data science Pandas deep learning machine learning TensorFlow,Data Scientist
DevOps CI/CD Kubernetes AWS Docker Terraform,DevOps Engineer
Scrum Agile leadership JIRA roadmap,Product Manager
Python C++ Java Django Git software development,Software Engineer
data science machine learning deep learning Pandas TensorFlow,Data Scientist
Kubernetes Docker CI/CD Terraform DevOps AWS,DevOps Engineer
JIRA roadmap Agile Scrum leadership,Product Manager
Git Python Java Django software development C++,Software Engineer
TensorFlow machine learning data science Pandas deep learning,Data Scientist
AWS Terraform Docker DevOps Kubernetes CI/CD,DevOps Engineer
roadmap Scrum JIRA leadership Agile,Product Manager
Python C++ Django Git software development Java,Software Engineer
TensorFlow Pandas deep learning data science machine learning,Data Scientist
DevOps Docker AWS Kubernetes Terraform CI/CD,DevOps Engineer
JIRA leadership Scrum Agile roadmap,Product Manager
Django Python Java software development Git C++,Software Engineer
deep learning TensorFlow Pandas machine learning data science,Data Scientist
Terraform Docker DevOps Kubernetes CI/CD AWS,DevOps Engineer
Scrum JIRA Agile leadership roadmap,Product Manager
software development Python Git Django C++ Java,Software Engineer
data science deep learning machine learning Pandas TensorFlow,Data Scientist
Terraform AWS CI/CD DevOps Docker Kubernetes,DevOps Engineer
Agile Scrum leadership JIRA roadmap,Product Manager
C++ software development Python Django Java Git,Software Engineer
machine learning Pandas TensorFlow deep learning data science,Data Scientist
Terraform AWS Docker CI/CD Kubernetes DevOps,DevOps Engineer
leadership Agile JIRA roadmap Scrum,Product Manager
Git Python Django software development C++ Java,Software Engineer
machine learning data science deep learning TensorFlow Pandas,Data Scientist
Kubernetes AWS Docker CI/CD DevOps Terraform,DevOps Engineer
Agile Scrum roadmap JIRA leadership,Product Manager
Java Python C++ Git Django software development,Software Engineer
machine learning deep learning Pandas data science TensorFlow,Data Scientist
Kubernetes CI/CD Docker Terraform DevOps AWS,DevOps Engineer
roadmap leadership Agile JIRA Scrum,Product Manager
Java software development C++ Django Git Python,Software Engineer
deep learning Pandas machine learning data science TensorFlow,Data Scientist
Terraform CI/CD Kubernetes AWS DevOps Docker,DevOps Engineer
JIRA roadmap Scrum leadership Agile,Product Manager
C++ Git Django Java Python software development,Software Engineer
data science TensorFlow machine learning deep learning Pandas,Data Scientist
AWS Kubernetes Terraform DevOps CI/CD Docker,DevOps Engineer
leadership roadmap Scrum JIRA Agile,Product Manager
Git Python Django C++ software development Java,Software Engineer
TensorFlow data science deep learning Pandas machine learning,Data Scientist
DevOps Kubernetes CI/CD AWS Terraform Docker,DevOps Engineer
Agile roadmap leadership Scrum JIRA,Product Manager
Python Django Java Git software development C++,Software Engineer
machine learning TensorFlow deep learning Pandas data science,Data Scientist
DevOps Docker AWS Terraform CI/CD Kubernetes,DevOps Engineer
Agile leadership JIRA roadmap Scrum,Product Manager
Django Java C++ software development Git Python,Software Engineer
deep learning data science machine learning TensorFlow Pandas,Data Scientist
AWS DevOps Kubernetes Terraform Docker CI/CD,DevOps Engineer
JIRA Agile Scrum roadmap leadership,Product Manager
Django Git Java C++ software development Python,Software Engineer
data science TensorFlow Pandas machine learning deep learning,Data Scientist
Docker DevOps CI/CD Terraform Kubernetes AWS,DevOps Engineer
roadmap Agile JIRA Scrum leadership,Product Manager
Python Django Java C++ software development Git,Software Engineer
TensorFlow machine learning Pandas deep learning data science,Data Scientist
DevOps CI/CD AWS Docker Terraform Kubernetes,DevOps Engineer
Agile JIRA leadership roadmap Scrum,Product Manager
C++ software development Python Git Django Java,Software Engineer
machine learning TensorFlow data science deep learning Pandas,Data Scientist
AWS CI/CD Docker Terraform Kubernetes DevOps,DevOps Engineer
Scrum JIRA roadmap Agile leadership,Product Manager
Java software development C++ Python Git Django,Software Engineer
deep learning Pandas machine learning data science TensorFlow,Data Scientist
DevOps Kubernetes Terraform AWS CI/CD Docker,DevOps Engineer
Agile Scrum roadmap leadership JIRA,Product Manager
Python C++ software development Java Django Git,Software Engineer
deep learning data science TensorFlow Pandas machine learning,Data Scientist
Terraform Kubernetes Docker CI/CD AWS DevOps,DevOps Engineer
leadership Scrum roadmap Agile JIRA,Product Manager
Java Git Django C++ software development Python,Software Engineer
TensorFlow data science Pandas machine learning deep learning,Data Scientist
Terraform CI/CD AWS Docker DevOps Kubernetes,DevOps Engineer
Agile JIRA leadership roadmap Scrum,Product Manager
C++ Java software development Django Git Python,Software Engineer
deep learning Pandas TensorFlow machine learning data science,Data Scientist
Terraform DevOps CI/CD Docker AWS Kubernetes,DevOps Engineer
roadmap Scrum leadership Agile JIRA,Product Manager
Python Django software development Java C++ Git,Software Engineer
TensorFlow deep learning Pandas data science machine learning,Data Scientist
CI/CD Terraform AWS Docker Kubernetes DevOps,DevOps Engineer
JIRA roadmap Scrum Agile leadership,Product Manager
Java Python software development C++ Django Git,Software Engineer
TensorFlow machine learning deep learning data science Pandas,Data Scientist
AWS Docker CI/CD DevOps Kubernetes Terraform,DevOps Engineer
JIRA leadership roadmap Agile Scrum,Product Manager
C++ software development Python Git Java Django,Software Engineer
machine learning data science deep learning TensorFlow Pandas,Data Scientist
Terraform DevOps AWS Kubernetes CI/CD Docker,DevOps Engineer
Scrum roadmap JIRA leadership Agile,Product Manager
C++ software development Git Java Django Python,Software Engineer
data science machine learning Pandas TensorFlow deep learning,Data Scientist
DevOps Terraform Docker AWS Kubernetes CI/CD,DevOps Engineer
roadmap JIRA leadership Agile Scrum,Product Manager
Git Python C++ Django software development Java,Software Engineer
data science TensorFlow deep learning machine learning Pandas,Data Scientist
Terraform Kubernetes AWS DevOps Docker CI/CD,DevOps Engineer
Scrum JIRA Agile leadership roadmap,Product Manager
C++ Python software development Java Django Git,Software Engineer
data science machine learning deep learning Pandas TensorFlow,Data Scientist
CI/CD AWS Docker Kubernetes Terraform DevOps,DevOps Engineer
Agile Scrum JIRA roadmap leadership,Product Manager
Git C++ Django Python software development Java,Software Engineer
Pandas TensorFlow data science deep learning machine learning,Data Scientist
Kubernetes AWS CI/CD DevOps Docker Terraform,DevOps Engineer
Scrum leadership roadmap Agile JIRA,Product Manager
Java C++ Django Python Git software development,Software Engineer
data science machine learning TensorFlow deep learning Pandas,Data Scientist
AWS Terraform Kubernetes CI/CD Docker DevOps,DevOps Engineer
leadership roadmap Agile Scrum JIRA,Product Manager
Git C++ Python Java Django software development,Software Engineer
machine learning data science deep learning Pandas TensorFlow,Data Scientist
Terraform Docker CI/CD Kubernetes AWS DevOps,DevOps Engineer
roadmap Scrum Agile leadership JIRA,Product Manager
software development Django Git Python C++ Java,Software Engineer
Pandas deep learning data science TensorFlow machine learning,Data Scientist
CI/CD Docker Kubernetes AWS DevOps Terraform,DevOps Engineer
roadmap JIRA Agile Scrum leadership,Product Manager
Django Git software development Python Java C++,Software Engineer
TensorFlow Pandas deep learning data science machine learning,Data Scientist
Kubernetes CI/CD AWS DevOps Terraform Docker,DevOps Engineer
JIRA Agile Scrum roadmap leadership,Product Manager
Git Python Django C++ software development Java,Software Engineer
machine learning Pandas data science deep learning TensorFlow,Data Scientist
AWS Docker DevOps Kubernetes Terraform CI/CD,DevOps Engineer
leadership roadmap Scrum JIRA Agile,Product Manager
Django software development C++ Java Python Git,Software Engineer
deep learning machine learning data science Pandas TensorFlow,Data Scientist
CI/CD DevOps Terraform Kubernetes Docker AWS,DevOps Engineer
JIRA Scrum Agile leadership roadmap,Product Manager
Git Python Java software development Django C++,Software Engineer
TensorFlow machine learning data science Pandas deep learning,Data Scientist
AWS CI/CD DevOps Terraform Docker Kubernetes,DevOps Engineer
Scrum JIRA leadership Agile roadmap,Product Manager
software development C++ Git Django Python Java,Software Engineer
TensorFlow Pandas machine learning deep learning data science,Data Scientist
Docker Terraform DevOps CI/CD Kubernetes AWS,DevOps Engineer
leadership Scrum JIRA roadmap Agile,Product Manager
Django Java Python Git C++ software development,Software Engineer
data science machine learning deep learning Pandas TensorFlow,Data Scientist
CI/CD DevOps Terraform Docker AWS Kubernetes,DevOps Engineer
leadership Agile roadmap JIRA Scrum,Product Manager
Git Java Python software development Django C++,Software Engineer
Pandas data science deep learning TensorFlow machine learning,Data Scientist
Kubernetes CI/CD AWS DevOps Terraform Docker,DevOps Engineer
Scrum Agile JIRA roadmap leadership,Product Manager
Python software development Java Django Git C++,Software Engineer
data science Pandas deep learning machine learning TensorFlow,Data Scientist
Docker Kubernetes DevOps AWS Terraform CI/CD,DevOps Engineer
Scrum roadmap JIRA leadership Agile,Product Manager
C++ Django software development Python Git Java,Software Engineer
deep learning data science machine learning Pandas TensorFlow,Data Scientist
AWS Terraform Docker CI/CD DevOps Kubernetes,DevOps Engineer
Scrum Agile roadmap JIRA leadership,Product Manager
software development C++ Django Git Java Python,Software Engineer
Pandas data science TensorFlow deep learning machine learning,Data Scientist
Kubernetes DevOps AWS Terraform Docker CI/CD,DevOps Engineer
JIRA roadmap leadership Agile Scrum,Product Manager
software development C++ Git Django Java Python,Software Engineer
Pandas TensorFlow data science machine learning deep learning,Data Scientist
DevOps Kubernetes Docker AWS CI/CD Terraform,DevOps Engineer
JIRA Scrum leadership roadmap Agile,Product Manager
Java Django Git Python C++ software development,Software Engineer
data science Pandas machine learning deep learning TensorFlow,Data Scientist
Terraform Kubernetes AWS Docker DevOps CI/CD,DevOps Engineer
Agile Scrum roadmap JIRA leadership,Product Manager
Python Git software development C++ Django Java,Software Engineer
TensorFlow Pandas deep learning data science machine learning,Data Scientist
CI/CD Terraform Kubernetes Docker AWS DevOps,DevOps Engineer
JIRA leadership Agile roadmap Scrum,Product Manager
Django C++ Java Git Python software development,Software Engineer
data science machine learning TensorFlow Pandas deep learning,Data Scientist
DevOps AWS Terraform Kubernetes CI/CD Docker,DevOps Engineer
roadmap JIRA Scrum Agile leadership,Product Manager
Django Python C++ Java software development Git,Software Engineer
deep learning data science machine learning TensorFlow Pandas,Data Scientist
DevOps Terraform Docker AWS CI/CD Kubernetes,DevOps Engineer
roadmap leadership JIRA Agile Scrum,Product Manager
C++ software development Git Java Python Django,Software Engineer
machine learning Pandas data science TensorFlow deep learning,Data Scientist
Docker Kubernetes Terraform AWS DevOps CI/CD,DevOps Engineer
JIRA Scrum leadership roadmap Agile,Product Manager
Java software development C++ Git Django Python,Software Engineer
data science TensorFlow machine learning deep learning Pandas,Data Scientist
DevOps Kubernetes CI/CD Terraform AWS Docker,DevOps Engineer
Agile Scrum JIRA roadmap leadership,Product Manager
software development Django Python Java C++ Git,Software Engineer
machine learning Pandas deep learning data science TensorFlow,Data Scientist
CI/CD Kubernetes Docker DevOps AWS Terraform,DevOps Engineer
leadership Scrum Agile roadmap JIRA,Product Manager
Django Git C++ Python software development Java,Software Engineer
TensorFlow data science deep learning Pandas machine learning,Data Scientist
CI/CD AWS DevOps Docker Terraform Kubernetes,DevOps Engineer
JIRA Agile leadership roadmap Scrum,Product Manager
Python Django Git Java software development C++,Software Engineer
Pandas data science deep learning TensorFlow machine learning,Data Scientist
AWS CI/CD Docker DevOps Terraform Kubernetes,DevOps Engineer
Scrum JIRA leadership Agile roadmap,Product Manager
C++ Git Java Python software development Django,Software Engineer
data science Pandas deep learning TensorFlow machine learning,Data Scientist
Kubernetes CI/CD AWS DevOps Docker Terraform,DevOps Engineer
JIRA Scrum leadership Agile roadmap,Product Manager
Python Java Git software development Django C++,Software Engineer
machine learning deep learning Pandas TensorFlow data science,Data Scientist
DevOps Kubernetes Terraform CI/CD AWS Docker,DevOps Engineer
leadership Agile JIRA Scrum roadmap,Product Manager
Django Java Python software development Git C++,Software Engineer
machine learning data science deep learning Pandas TensorFlow,Data Scientist
Terraform Kubernetes AWS DevOps CI/CD Docker,DevOps Engineer
roadmap JIRA Scrum leadership Agile,Product Manager
software development Python Java Django C++ Git,Software Engineer
data science Pandas TensorFlow machine learning deep learning,Data Scientist
DevOps Docker AWS Kubernetes Terraform CI/CD,DevOps Engineer
leadership Agile Scrum roadmap JIRA,Product Manager
Python Git Django C++ software development Java,Software Engineer
Pandas TensorFlow deep learning machine learning data science,Data Scientist
DevOps Kubernetes Terraform Docker CI/CD AWS,DevOps Engineer
JIRA Scrum roadmap leadership Agile,Product Manager
Git Java Django software development Python C++,Software Engineer
machine learning data science TensorFlow Pandas deep learning,Data Scientist
Kubernetes Docker DevOps AWS CI/CD Terraform,DevOps Engineer
leadership Scrum roadmap Agile JIRA,Product Manager
Python C++ Git Django Java software development,Software Engineer
deep learning Pandas data science machine learning TensorFlow,Data Scientist
Terraform AWS Docker DevOps Kubernetes CI/CD,DevOps Engineer
leadership JIRA Agile roadmap Scrum,Product Manager
Python C++ Git software development Django Java,Software Engineer
deep learning Pandas machine learning data science TensorFlow,Data Scientist
Terraform CI/CD Kubernetes AWS Docker DevOps,DevOps Engineer
roadmap JIRA leadership Scrum Agile,Product Manager
Java software development Git Django C++ Python,Software Engineer
Pandas data science TensorFlow machine learning deep learning,Data Scientist
CI/CD Terraform Docker DevOps AWS Kubernetes,DevOps Engineer
JIRA roadmap Scrum Agile leadership,Product Manager
Django software development C++ Java Git Python,Software Engineer
data science deep learning machine learning TensorFlow Pandas,Data Scientist
AWS Terraform CI/CD Kubernetes DevOps Docker,DevOps Engineer
Scrum JIRA Agile leadership roadmap,Product Manager
software development Django Git Python C++ Java,Software Engineer
TensorFlow machine learning data science Pandas deep learning,Data Scientist
CI/CD Kubernetes Docker DevOps AWS Terraform,DevOps Engineer
leadership JIRA roadmap Scrum Agile,Product Manager
software development Python C++ Git Django Java,Software Engineer
machine learning data science TensorFlow Pandas deep learning,Data Scientist
Terraform Docker DevOps CI/CD AWS Kubernetes,DevOps Engineer
leadership roadmap Scrum JIRA Agile,Product Manager
Python Git C++ software development Java Django,Software Engineer
machine learning deep learning Pandas data science TensorFlow,Data Scientist
AWS Kubernetes Terraform CI/CD Docker DevOps,DevOps Engineer
Agile Scrum roadmap JIRA leadership,Product Manager
Java software development Git C++ Python Django,Software Engineer
machine learning TensorFlow Pandas data science deep learning,Data Scientist
AWS DevOps CI/CD Docker Kubernetes Terraform,DevOps Engineer
Scrum leadership Agile JIRA roadmap,Product Manager
Java C++ Git Django software development Python,Software Engineer
Pandas machine learning data science TensorFlow deep learning,Data Scientist
Terraform Kubernetes Docker CI/CD DevOps AWS,DevOps Engineer
JIRA leadership Scrum Agile roadmap,Product Manager
Java Django Python Git C++ software development,Software Engineer
machine learning data science Pandas TensorFlow deep learning,Data Scientist
Kubernetes AWS Terraform Docker CI/CD DevOps,DevOps Engineer
JIRA leadership roadmap Scrum Agile,Product Manager
C++ Git Python Java Django software development,Software Engineer
machine learning deep learning Pandas data science TensorFlow,Data Scientist
DevOps CI/CD Docker Terraform Kubernetes AWS,DevOps Engineer
leadership JIRA Scrum Agile roadmap,Product Manager
Python Git software development Django C++ Java,Software Engineer
machine learning deep learning Pandas TensorFlow data science,Data Scientist
AWS DevOps CI/CD Kubernetes Docker Terraform,DevOps Engineer
Scrum Agile roadmap leadership JIRA,Product Manager
Git Python C++ Django software development Java,Software Engineer
Pandas data science TensorFlow machine learning deep learning,Data Scientist
AWS CI/CD Kubernetes Terraform Docker DevOps,DevOps Engineer
Scrum leadership roadmap JIRA Agile,Product Manager
software development Git Django Python C++ Java,Software Engineer
data science machine learning TensorFlow Pandas deep learning,Data Scientist
DevOps Kubernetes AWS Docker Terraform CI/CD,DevOps Engineer
Scrum leadership Agile roadmap JIRA,Product Manager
Git Django software development C++ Python Java,Software Engineer
data science Pandas deep learning machine learning TensorFlow,Data Scientist
AWS Docker Kubernetes Terraform DevOps CI/CD,DevOps Engineer
Scrum roadmap leadership JIRA Agile,Product Manager
software development Python Java Django C++ Git,Software Engineer
TensorFlow machine learning data science deep learning Pandas,Data Scientist
AWS Docker Kubernetes CI/CD Terraform DevOps,DevOps Engineer
Agile JIRA roadmap leadership Scrum,Product Manager
software development Git Java Python Django C++,Software Engineer
deep learning TensorFlow Pandas machine learning data science,Data Scientist
Terraform Docker CI/CD DevOps Kubernetes AWS,DevOps Engineer
leadership Agile JIRA Scrum roadmap,Product Manager
Java Git software development Django C++ Python,Software Engineer
machine learning data science deep learning TensorFlow Pandas,Data Scientist
Docker DevOps CI/CD Terraform AWS Kubernetes,DevOps Engineer
JIRA leadership Scrum Agile roadmap,Product Manager
Git Python Django Java software development C++,Software Engineer
machine learning data science deep learning TensorFlow Pandas,Data Scientist
CI/CD Docker Terraform AWS DevOps Kubernetes,DevOps Engineer
Agile roadmap leadership Scrum JIRA,Product Manager
Java Python C++ Git Django software development,Software Engineer
machine learning data science Pandas TensorFlow deep learning,Data Scientist
DevOps AWS Terraform Kubernetes CI/CD Docker,DevOps Engineer
Scrum leadership roadmap JIRA Agile,Product Manager
C++ software development Java Python Django Git,Software Engineer
machine learning deep learning Pandas data science TensorFlow,Data Scientist
CI/CD AWS Kubernetes Terraform DevOps Docker,DevOps Engineer
leadership Scrum roadmap JIRA Agile,Product Manager
Git Django Python software development Java C++,Software Engineer
TensorFlow Pandas deep learning machine learning data science,Data Scientist
Docker Kubernetes AWS DevOps Terraform CI/CD,DevOps Engineer
JIRA Scrum roadmap leadership Agile,Product Manager
Python software development C++ Django Java Git,Software Engineer
deep learning data science TensorFlow Pandas machine learning,Data Scientist
Kubernetes Docker CI/CD AWS Terraform DevOps,DevOps Engineer
Agile Scrum roadmap JIRA leadership,Product Manager
Django C++ software development Python Java Git,Software Engineer
data science machine learning Pandas TensorFlow deep learning,Data Scientist
Kubernetes DevOps CI/CD Docker Terraform AWS,DevOps Engineer
roadmap Agile Scrum leadership JIRA,Product Manager
software development Git C++ Java Python Django,Software Engineer
deep learning TensorFlow machine learning data science Pandas,Data Scientist
Docker AWS Terraform Kubernetes DevOps CI/CD,DevOps Engineer
Scrum leadership Agile roadmap JIRA,Product Manager
C++ Python Java software development Django Git,Software Engineer
Pandas deep learning machine learning data science TensorFlow,Data Scientist
DevOps Terraform AWS CI/CD Docker Kubernetes,DevOps Engineer
leadership Agile JIRA Scrum roadmap,Product Manager
C++ Git Python Java software development Django,Software Engineer
data science machine learning TensorFlow Pandas deep learning,Data Scientist
DevOps Terraform CI/CD Docker Kubernetes AWS,DevOps Engineer
Scrum roadmap leadership Agile JIRA,Product Manager
software development Java C++ Git Python Django,Software Engineer
TensorFlow data science Pandas machine learning deep learning,Data Scientist
CI/CD DevOps Kubernetes Docker AWS Terraform,DevOps Engineer
roadmap JIRA leadership Agile Scrum,Product Manager
C++ software development Java Python Git Django,Software Engineer
TensorFlow data science deep learning Pandas machine learning,Data Scientist
Docker DevOps AWS Kubernetes CI/CD Terraform,DevOps Engineer
roadmap Agile Scrum leadership JIRA,Product Manager
Git C++ Django Python Java software development,Software Engineer
machine learning data science Pandas TensorFlow deep learning,Data Scientist
Docker DevOps CI/CD AWS Terraform Kubernetes,DevOps Engineer
roadmap Scrum Agile leadership JIRA,Product Manager
Python Git Django software development C++ Java,Software Engineer
TensorFlow data science machine learning Pandas deep learning,Data Scientist
AWS CI/CD Docker Terraform Kubernetes DevOps,DevOps Engineer
Agile Scrum JIRA roadmap leadership,Product Manager
software development Java Django Git Python C++,Software Engineer
deep learning machine learning data science Pandas TensorFlow,Data Scientist
Kubernetes Terraform AWS CI/CD DevOps Docker,DevOps Engineer
JIRA leadership roadmap Agile Scrum,Product Manager
C++ Git software development Java Python Django,Software Engineer
Pandas deep learning machine learning TensorFlow data science,Data Scientist
Docker Terraform AWS DevOps Kubernetes CI/CD,DevOps Engineer
Agile roadmap leadership JIRA Scrum,Product Manager
C++ Python Django Java software development Git,Software Engineer
TensorFlow deep learning data science Pandas machine learning,Data Scientist
DevOps CI/CD Kubernetes AWS Terraform Docker,DevOps Engineer
Scrum leadership roadmap Agile JIRA,Product Manager
Git Django Python software development Java C++,Software Engineer
Pandas machine learning deep learning TensorFlow data science,Data Scientist
DevOps AWS Docker Terraform CI/CD Kubernetes,DevOps Engineer
leadership JIRA Agile roadmap Scrum,Product Manager
Java Git C++ software development Django Python,Software Engineer
machine learning Pandas deep learning TensorFlow data science,Data Scientist
DevOps Kubernetes CI/CD Docker AWS Terraform,DevOps Engineer
Agile Scrum leadership roadmap JIRA,Product Manager
Django Java Python Git software development C++,Software Engineer
Pandas deep learning data science TensorFlow machine learning,Data Scientist
AWS Docker Terraform DevOps CI/CD Kubernetes,DevOps Engineer
Agile JIRA leadership Scrum roadmap,Product Manager
Django Git software development C++ Java Python,Software Engineer
TensorFlow data science Pandas machine learning deep learning,Data Scientist
AWS Kubernetes CI/CD DevOps Terraform Docker,DevOps Engineer
JIRA Scrum Agile roadmap leadership,Product Manager
C++ software development Git Python Java Django,Software Engineer
Pandas data science deep learning TensorFlow machine learning,Data Scientist
Terraform DevOps Kubernetes CI/CD Docker AWS,DevOps Engineer
Agile roadmap Scrum JIRA leadership,Product Manager
Python Java C++ Django Git software development,Software Engineer
Pandas deep learning data science TensorFlow machine learning,Data Scientist
AWS Docker Terraform Kubernetes CI/CD DevOps,DevOps Engineer
Scrum leadership Agile JIRA roadmap,Product Manager
C++ Python Django Java Git software development,Software Engineer
deep learning TensorFlow Pandas machine learning data science,Data Scientist
Terraform DevOps AWS Docker CI/CD Kubernetes,DevOps Engineer
JIRA Agile leadership roadmap Scrum,Product Manager
C++ Git software development Django Java Python,Software Engineer
deep learning data science Pandas TensorFlow machine learning,Data Scientist
CI/CD AWS Kubernetes DevOps Terraform Docker,DevOps Engineer
Scrum JIRA roadmap leadership Agile,Product Manager
Python Django C++ Git Java software development,Software Engineer
data science deep learning TensorFlow machine learning Pandas,Data Scientist
DevOps AWS Kubernetes Terraform Docker CI/CD,DevOps Engineer
Scrum JIRA Agile roadmap leadership,Product Manager
C++ Python software development Git Django Java,Software Engineer
data science Pandas deep learning TensorFlow machine learning,Data Scientist
DevOps AWS Kubernetes Docker Terraform CI/CD,DevOps Engineer
leadership Scrum Agile roadmap JIRA,Product Manager
Django C++ Python Git software development Java,Software Engineer
data science Pandas TensorFlow machine learning deep learning,Data Scientist
Kubernetes Terraform DevOps CI/CD Docker AWS,DevOps Engineer
roadmap Scrum leadership Agile JIRA,Product Manager
Python Django C++ Java Git software development,Software Engineer
data science Pandas TensorFlow machine learning deep learning,Data Scientist
CI/CD Kubernetes AWS Terraform DevOps Docker,DevOps Engineer
roadmap JIRA Scrum leadership Agile,Product Manager
C++ Django Git Java software development Python,Software Engineer
Pandas TensorFlow machine learning data science deep learning,Data Scientist
DevOps Terraform AWS Kubernetes Docker CI/CD,DevOps Engineer
Agile leadership roadmap Scrum JIRA,Product Manager
Django Python Git C++ software development Java,Software Engineer
deep learning machine learning data science Pandas TensorFlow,Data Scientist
AWS Kubernetes Terraform Docker CI/CD DevOps,DevOps Engineer
Agile Scrum roadmap leadership JIRA,Product Manager
Git C++ Python Django Java software development,Software Engineer
machine learning data science TensorFlow Pandas deep learning,Data Scientist
Terraform Docker CI/CD Kubernetes AWS DevOps,DevOps Engineer
JIRA Agile roadmap Scrum leadership,Product Manager
Java software development C++ Git Python Django,Software Engineer
Pandas data science deep learning TensorFlow machine learning,Data Scientist
Terraform CI/CD AWS Kubernetes Docker DevOps,DevOps Engineer
leadership Agile roadmap JIRA Scrum,Product Manager
Python software development Git Java Django C++,Software Engineer
Pandas deep learning machine learning TensorFlow data science,Data Scientist
Docker AWS CI/CD DevOps Terraform Kubernetes,DevOps Engineer
Agile Scrum roadmap leadership JIRA,Product Manager
Django software development Python Git Java C++,Software Engineer
deep learning data science machine learning Pandas TensorFlow,Data Scientist
Docker Terraform AWS DevOps CI/CD Kubernetes,DevOps Engineer
Agile roadmap Scrum leadership JIRA,Product Manager
Django Python C++ software development Git Java,Software Engineer
TensorFlow data science Pandas machine learning deep learning,Data Scientist
AWS DevOps CI/CD Terraform Docker Kubernetes,DevOps Engineer
JIRA Agile Scrum roadmap leadership,Product Manager
Git Django Java software development C++ Python,Software Engineer
machine learning Pandas deep learning data science TensorFlow,Data Scientist
DevOps Docker Kubernetes Terraform CI/CD AWS,DevOps Engineer
leadership roadmap Agile JIRA Scrum,Product Manager
Java Django Python C++ software development Git,Software Engineer
deep learning data science Pandas TensorFlow machine learning,Data Scientist
CI/CD AWS Terraform Kubernetes Docker DevOps,DevOps Engineer
JIRA Agile Scrum leadership roadmap,Product Manager
Python Django C++ software development Git Java,Software Engineer
data science TensorFlow machine learning Pandas deep learning,Data Scientist
CI/CD Docker Terraform DevOps AWS Kubernetes,DevOps Engineer
JIRA Agile roadmap Scrum leadership,Product Manager
software development Django Git Java Python C++,Software Engineer
deep learning Pandas data science TensorFlow machine learning,Data Scientist
Docker AWS Terraform DevOps CI/CD Kubernetes,DevOps Engineer
roadmap JIRA leadership Scrum Agile,Product Manager
Python Java C++ Django software development Git,Software Engineer
deep learning data science TensorFlow Pandas machine learning,Data Scientist
Docker Kubernetes CI/CD Terraform AWS DevOps,DevOps Engineer
roadmap leadership Scrum Agile JIRA,Product Manager
Java Python Git software development Django C++,Software Engineer
Pandas machine learning TensorFlow deep learning data science,Data Scientist
Terraform DevOps AWS Kubernetes CI/CD Docker,DevOps Engineer
JIRA Scrum leadership Agile roadmap,Product Manager
Git software development Java Python C++ Django,Software Engineer
data science Pandas machine learning deep learning TensorFlow,Data Scientist
DevOps AWS Docker Kubernetes Terraform CI/CD,DevOps Engineer
Agile roadmap JIRA Scrum leadership,Product Manager
Java Django software development Git C++ Python,Software Engineer
data science deep learning Pandas TensorFlow machine learning,Data Scientist
Docker Terraform CI/CD Kubernetes DevOps AWS,DevOps Engineer
Agile roadmap Scrum JIRA leadership,Product Manager
Django software development Git C++ Python Java,Software Engineer
data science deep learning Pandas machine learning TensorFlow,Data Scientist
Terraform Docker DevOps AWS Kubernetes CI/CD,DevOps Engineer
leadership JIRA Scrum Agile roadmap,Product Manager
C++ Django Java Python software development Git,Software Engineer
deep learning Pandas data science TensorFlow machine learning,Data Scientist
CI/CD Terraform Kubernetes AWS Docker DevOps,DevOps Engineer
Agile JIRA roadmap Scrum leadership,Product Manager
Git C++ software development Django Java Python,Software Engineer
machine learning TensorFlow data science deep learning Pandas,Data Scientist
Kubernetes Docker CI/CD AWS DevOps Terraform,DevOps Engineer
roadmap JIRA Agile leadership Scrum,Product Manager
software development Python Django Git Java C++,Software Engineer
Pandas deep learning machine learning TensorFlow data science,Data Scientist
AWS Terraform DevOps CI/CD Docker Kubernetes,DevOps Engineer
Scrum JIRA Agile leadership roadmap,Product Manager
C++ Java software development Python Git Django,Software Engineer
TensorFlow machine learning data science deep learning Pandas,Data Scientist
AWS CI/CD DevOps Kubernetes Terraform Docker,DevOps Engineer
Scrum JIRA Agile roadmap leadership,Product Manager
Git software development Python C++ Java Django,Software Engineer
machine learning Pandas data science TensorFlow deep learning,Data Scientist
Kubernetes CI/CD AWS Terraform Docker DevOps,DevOps Engineer
leadership Scrum Agile roadmap JIRA,Product Manager
Java C++ Python Django Git software development,Software Engineer
data science machine learning TensorFlow Pandas deep learning,Data Scientist
Kubernetes DevOps AWS CI/CD Docker Terraform,DevOps Engineer
JIRA Scrum Agile roadmap leadership,Product Manager
software development Java C++ Git Python Django,Software Engineer
data science deep learning TensorFlow machine learning Pandas,Data Scientist
DevOps Kubernetes AWS Terraform CI/CD Docker,DevOps Engineer
Scrum roadmap Agile JIRA leadership,Product Manager
Python Git C++ Java software development Django,Software Engineer
machine learning Pandas TensorFlow deep learning data science,Data Scientist
Docker Terraform AWS DevOps Kubernetes CI/CD,DevOps Engineer
Scrum Agile leadership JIRA roadmap,Product Manager
Django Python C++ Git software development Java,Software Engineer
machine learning Pandas data science TensorFlow deep learning,Data Scientist
Docker AWS Kubernetes Terraform CI/CD DevOps,DevOps Engineer
roadmap Scrum JIRA Agile leadership,Product Manager
Python Java Git C++ software development Django,Software Engineer
machine learning deep learning Pandas TensorFlow data science,Data Scientist
Kubernetes Terraform DevOps CI/CD AWS Docker,DevOps Engineer
roadmap Agile Scrum JIRA leadership,Product Manager
Python software development Git Java Django C++,Software Engineer
machine learning TensorFlow Pandas deep learning data science,Data Scientist
Docker Kubernetes AWS Terraform CI/CD DevOps,DevOps Engineer
Agile JIRA roadmap leadership Scrum,Product Manager
Django software development Java Python C++ Git,Software Engineer
Pandas TensorFlow deep learning machine learning data science,Data Scientist
AWS DevOps Terraform CI/CD Kubernetes Docker,DevOps Engineer
roadmap Agile leadership JIRA Scrum,Product Manager
Git software development Django C++ Java Python,Software Engineer
TensorFlow Pandas data science machine learning deep learning,Data Scientist
CI/CD Terraform Kubernetes Docker DevOps AWS,DevOps Engineer
JIRA Scrum roadmap Agile leadership,Product Manager
Git C++ Java software development Python Django,Software Engineer
Pandas TensorFlow machine learning data science deep learning,Data Scientist
DevOps Terraform Kubernetes CI/CD Docker AWS,DevOps Engineer
roadmap Scrum JIRA Agile leadership,Product Manager
Django software development C++ Python Java Git,Software Engineer
machine learning data science TensorFlow Pandas deep learning,Data Scientist
DevOps Terraform Kubernetes Docker AWS CI/CD,DevOps Engineer
JIRA Agile Scrum leadership roadmap,Product Manager
software development C++ Java Django Python Git,Software Engineer
TensorFlow deep learning machine learning Pandas data science,Data Scientist
Docker Terraform DevOps Kubernetes AWS CI/CD,DevOps Engineer
leadership Agile Scrum roadmap JIRA,Product Manager
Git software development Python Java Django C++,Software Engineer
machine learning deep learning Pandas data science TensorFlow,Data Scientist
Terraform CI/CD DevOps Docker Kubernetes AWS,DevOps Engineer
JIRA roadmap leadership Agile Scrum,Product Manager
C++ software development Java Django Python Git,Software Engineer
data science deep learning machine learning Pandas TensorFlow,Data Scientist
Terraform Kubernetes AWS DevOps CI/CD Docker,DevOps Engineer
Scrum leadership Agile roadmap JIRA,Product Manager
Django Java C++ Git software development Python,Software Engineer
Pandas TensorFlow data science machine learning deep learning,Data Scientist
AWS DevOps Docker Kubernetes Terraform CI/CD,DevOps Engineer
leadership roadmap JIRA Scrum Agile,Product Manager
Git software development C++ Django Java Python,Software Engineer
data science deep learning TensorFlow machine learning Pandas,Data Scientist
Docker Kubernetes CI/CD Terraform DevOps AWS,DevOps Engineer
Scrum roadmap leadership JIRA Agile,Product Manager
Python Django Java software development Git C++,Software Engineer
Pandas data science TensorFlow deep learning machine learning,Data Scientist
DevOps Kubernetes Terraform Docker CI/CD AWS,DevOps Engineer
Agile roadmap Scrum leadership JIRA,Product Manager
Python C++ software development Django Java Git,Software Engineer
data science machine learning TensorFlow deep learning Pandas,Data Scientist
Terraform AWS Kubernetes Docker CI/CD DevOps,DevOps Engineer
Scrum roadmap Agile leadership JIRA,Product Manager
software development Python Django Git Java C++,Software Engineer
deep learning TensorFlow Pandas machine learning data science,Data Scientist
DevOps CI/CD Kubernetes Docker AWS Terraform,DevOps Engineer
Agile JIRA roadmap Scrum leadership,Product Manager
Git software development C++ Django Java Python,Software Engineer
deep learning machine learning data science TensorFlow Pandas,Data Scientist
AWS CI/CD Terraform Kubernetes DevOps Docker,DevOps Engineer
leadership JIRA Scrum Agile roadmap,Product Manager
Django software development C++ Python Java Git,Software Engineer
data science machine learning deep learning Pandas TensorFlow,Data Scientist
CI/CD AWS Kubernetes Docker DevOps Terraform,DevOps Engineer
Scrum leadership JIRA roadmap Agile,Product Manager
software development Git Django Python Java C++,Software Engineer
TensorFlow deep learning data science Pandas machine learning,Data Scientist
CI/CD Terraform Kubernetes AWS DevOps Docker,DevOps Engineer
Agile leadership roadmap Scrum JIRA,Product Manager
Git C++ Django Java software development Python,Software Engineer
TensorFlow data science deep learning machine learning Pandas,Data Scientist
AWS DevOps Terraform Docker CI/CD Kubernetes,DevOps Engineer
Scrum JIRA Agile roadmap leadership,Product Manager
C++ Python Git Django software development Java,Software Engineer
machine learning TensorFlow data science deep learning Pandas,Data Scientist
DevOps CI/CD Docker Kubernetes Terraform AWS,DevOps Engineer
JIRA roadmap leadership Scrum Agile,Product Manager
Django Git Java Python C++ software development,Software Engineer
TensorFlow machine learning deep learning data science Pandas,Data Scientist
Terraform Kubernetes DevOps AWS Docker CI/CD,DevOps Engineer
JIRA roadmap leadership Agile Scrum,Product Manager
C++ Django software development Python Java Git,Software Engineer
machine learning Pandas TensorFlow data science deep learning,Data Scientist
Docker AWS CI/CD Kubernetes DevOps Terraform,DevOps Engineer
JIRA roadmap Agile leadership Scrum,Product Manager
C++ Java Git Python Django software development,Software Engineer
TensorFlow deep learning machine learning data science Pandas,Data Scientist
AWS Docker Terraform DevOps CI/CD Kubernetes,DevOps Engineer
roadmap JIRA leadership Scrum Agile,Product Manager
Git Java Python Django software development C++,Software Engineer
Pandas deep learning TensorFlow data science machine learning,Data Scientist
Docker AWS Kubernetes CI/CD DevOps Terraform,DevOps Engineer
JIRA leadership roadmap Scrum Agile,Product Manager
software development Git C++ Django Python Java,Software Engineer
TensorFlow machine learning Pandas data science deep learning,Data Scientist
DevOps Docker Kubernetes AWS Terraform CI/CD,DevOps Engineer
Scrum Agile roadmap leadership JIRA,Product Manager
Python Git software development C++ Java Django,Software Engineer
machine learning deep learning Pandas TensorFlow data science,Data Scientist
CI/CD AWS Terraform Kubernetes DevOps Docker,DevOps Engineer
Agile JIRA Scrum leadership roadmap,Product Manager
Java Python C++ software development Git Django,Software Engineer
deep learning data science Pandas machine learning TensorFlow,Data Scientist
CI/CD DevOps Docker Kubernetes Terraform AWS,DevOps Engineer
Agile leadership roadmap Scrum JIRA,Product Manager
Django Git Python software development Java C++,Software Engineer
deep learning TensorFlow machine learning Pandas data science,Data Scientist
Terraform AWS CI/CD Kubernetes DevOps Docker,DevOps Engineer
leadership Scrum roadmap JIRA Agile,Product Manager
Java Django software development Python Git C++,Software Engineer
machine learning Pandas data science deep learning TensorFlow,Data Scientist
Kubernetes CI/CD AWS Terraform DevOps Docker,DevOps Engineer
Scrum Agile JIRA roadmap leadership,Product Manager
Python C++ Git Java Django software development,Software Engineer
TensorFlow Pandas deep learning data science machine learning,Data Scientist
Kubernetes AWS Docker Terraform CI/CD DevOps,DevOps Engineer
leadership roadmap JIRA Agile Scrum,Product Manager
C++ Git software development Django Java Python,Software Engineer
machine learning deep learning TensorFlow Pandas data science,Data Scientist
Docker AWS CI/CD Terraform Kubernetes DevOps,DevOps Engineer
Agile leadership Scrum roadmap JIRA,Product Manager
Python Java Django Git software development C++,Software Engineer
Pandas data science TensorFlow machine learning deep learning,Data Scientist
AWS CI/CD Docker Kubernetes Terraform DevOps,DevOps Engineer
Scrum roadmap Agile leadership JIRA,Product Manager
Java Python Git Django C++ software development,Software Engineer
data science TensorFlow Pandas deep learning machine learning,Data Scientist
CI/CD Docker AWS Terraform Kubernetes DevOps,DevOps Engineer
leadership Agile Scrum roadmap JIRA,Product Manager
Java Python Git software development C++ Django,Software Engineer
Pandas TensorFlow data science deep learning machine learning,Data Scientist
Docker CI/CD Terraform AWS Kubernetes DevOps,DevOps Engineer
roadmap leadership Scrum JIRA Agile,Product Manager
Git Python C++ Java software development Django,Software Engineer
deep learning machine learning data science TensorFlow Pandas,Data Scientist
DevOps AWS Kubernetes CI/CD Terraform Docker,DevOps Engineer
Scrum JIRA Agile leadership roadmap,Product Manager
Java Git Django C++ software development Python,Software Engineer
machine learning deep learning TensorFlow Pandas data science,Data Scientist
Docker DevOps AWS Kubernetes Terraform CI/CD,DevOps Engineer
Scrum Agile leadership JIRA roadmap,Product Manager
Java Django Python Git software development C++,Software Engineer
TensorFlow deep learning Pandas data science machine learning,Data Scientist
CI/CD Kubernetes Docker Terraform AWS DevOps,DevOps Engineer
roadmap JIRA Scrum Agile leadership,Product Manager
Python Django Git software development C++ Java,Software Engineer
data science machine learning deep learning Pandas TensorFlow,Data Scientist
AWS Docker Kubernetes CI/CD Terraform DevOps,DevOps Engineer
leadership JIRA roadmap Agile Scrum,Product Manager
C++ Java Django Python Git software development,Software Engineer
TensorFlow deep learning machine learning data science Pandas,Data Scientist
AWS Docker CI/CD Kubernetes DevOps Terraform,DevOps Engineer
JIRA Agile leadership roadmap Scrum,Product Manager
Django Java C++ Git Python software development,Software Engineer
data science machine learning Pandas deep learning TensorFlow,Data Scientist
Terraform CI/CD DevOps AWS Docker Kubernetes,DevOps Engineer
JIRA Agile leadership Scrum roadmap,Product Manager
Django Python C++ Git Java software development,Software Engineer
data science TensorFlow deep learning machine learning Pandas,Data Scientist
AWS DevOps Kubernetes Docker CI/CD Terraform,DevOps Engineer
roadmap Agile JIRA Scrum leadership,Product Manager
Python Java C++ Django software development Git,Software Engineer
deep learning Pandas data science TensorFlow machine learning,Data Scientist
Docker DevOps CI/CD Terraform AWS Kubernetes,DevOps Engineer
JIRA leadership Agile Scrum roadmap,Product Manager
Git Java Django software development Python C++,Software Engineer
Pandas data science machine learning deep learning TensorFlow,Data Scientist
DevOps Kubernetes AWS Terraform Docker CI/CD,DevOps Engineer
Agile Scrum leadership JIRA roadmap,Product Manager
software development C++ Django Git Java Python,Software Engineer
TensorFlow data science deep learning Pandas machine learning,Data Scientist
Kubernetes DevOps Docker AWS Terraform CI/CD,DevOps Engineer
Scrum leadership JIRA Agile roadmap,Product Manager
Java Git software development C++ Python Django,Software Engineer
machine learning TensorFlow data science Pandas deep learning,Data Scientist
Terraform Kubernetes Docker DevOps CI/CD AWS,DevOps Engineer
roadmap Agile leadership Scrum JIRA,Product Manager
Git C++ Python Django software development Java,Software Engineer
TensorFlow machine learning deep learning Pandas data science,Data Scientist
Terraform CI/CD Kubernetes Docker AWS DevOps,DevOps Engineer
Agile Scrum JIRA leadership roadmap,Product Manager
Java Git Django C++ Python software development,Software Engineer
Pandas TensorFlow deep learning data science machine learning,Data Scientist
CI/CD Docker DevOps Terraform AWS Kubernetes,DevOps Engineer
Agile Scrum roadmap JIRA leadership,Product Manager
software development C++ Git Java Python Django,Software Engineer
data science TensorFlow Pandas deep learning machine learning,Data Scientist
Docker Kubernetes CI/CD Terraform AWS DevOps,DevOps Engineer
roadmap Scrum JIRA Agile leadership,Product Manager
Python Git Java C++ Django software development,Software Engineer
data science Pandas deep learning TensorFlow machine learning,Data Scientist
AWS Kubernetes CI/CD Terraform DevOps Docker,DevOps Engineer
Agile JIRA leadership Scrum roadmap,Product Manager
software development Git Django Python Java C++,Software Engineer
TensorFlow machine learning Pandas data science deep learning,Data Scientist
CI/CD DevOps Terraform Kubernetes AWS Docker,DevOps Engineer
leadership JIRA Scrum roadmap Agile,Product Manager
Django Git Java software development C++ Python,Software Engineer
machine learning Pandas data science deep learning TensorFlow,Data Scientist
DevOps Kubernetes CI/CD Docker AWS Terraform,DevOps Engineer
leadership roadmap JIRA Agile Scrum,Product Manager
software development C++ Java Django Python Git,Software Engineer
data science TensorFlow deep learning Pandas machine learning,Data Scientist
CI/CD Terraform DevOps AWS Kubernetes Docker,DevOps Engineer
Scrum leadership roadmap Agile JIRA,Product Manager
